id,Product Name,Price,Size,Units,Category,Min Level,Stock,re-stock Quantity,count,re-stock Price,Notes,Supplier,Barcode/QR2-Data,Barcode/QR2-Type,Value,Tags,Photo1
6,Lucky Me Batchoy Small,35,40,Grams,Food Packs,,9,,9,,,,4807770271168,org.gs1.EAN-13,315,,https://lnk.sortly.co/v2/downloads/photo/v2__j2U_4AFDx-uEMQUA1Qejt50DVGlK9Y7LCuMwKxIATbe7mZOVZAAlA==
8,Lucky Me Spicy batchoy small,35,40,Grams,Food Packs,,5,,3,,,,4807770273810,org.gs1.EAN-13,175,,https://lnk.sortly.co/v2/downloads/photo/v2_QuPGv4trqIfOdXGpHGHdyfuj80rFi5edNFeZfLswWQRmiE8ctqiDPg==
9,Lucky Me Bulalo Instant Noodle Soup small,35,40,Grams,Food Packs,,9,,7,,,,4807770271175,org.gs1.EAN-13,315,,https://lnk.sortly.co/v2/downloads/photo/v2_R3CLpHaMbWijP5A6XW0V_HiVw2LSMp0LbfyIyrifACyJF4XVfhNIQQ==
10,Lucky Me Spicy bulalo small,35,40,Grams,Food Packs,,0,,7,,,,4807770273612,org.gs1.EAN-13,0,,https://lnk.sortly.co/v2/downloads/photo/v2_ILLJUoHp9TxAXTNz3IhKrazanSI8fsh-pgzYFcnJGea6_fwoyE3ywQ==
11,Lucky Me  Batchoy Big,65,70,Grams,Food Packs,,10,,10,,,,4807770272110,org.gs1.EAN-13,650,,https://lnk.sortly.co/v2/downloads/photo/v2_Hgliqt6TEiAc86TGT1skbRnsSAtSxtfWnDHaF91EuqJsp8RRN6s-jg==
12,Lucky Me Bulalo Instant Noodle Soup Big,65,70,Grams,Food Packs,,3,,3,,,,4807770272127,org.gs1.EAN-13,195,,https://lnk.sortly.co/v2/downloads/photo/v2_C9iJYXmMnaxn40Y0WCzFc1jtzGAl7YYjU60SL0sz-QBOVhn-kILe7Q==
13,Silver swan sukang puti bottle,35,385,ml,Kitchen & Condiments,,0,,3,,,,4800344004421,org.gs1.EAN-13,0,,https://lnk.sortly.co/v2/downloads/photo/v2_7-8Sx3e21HUJLoez810TP-iXCo0R2qEFVpkDbZIAS3NVJA1HQ9oiMw==
14,Silver swan sukang puti pouch,15,200,ml,Kitchen & Condiments,,13,,10,,,,0,org.gs1.EAN-13,150,,https://lnk.sortly.co/v2/downloads/photo/v2_f_7LSCJYeI9dZPnPwh8CsHSU-hPnJIkd9S_yuNfG9fVs7Fh9usu02w==
15,Silver swan sukang soy sauce,15,200,ml,Kitchen & Condiments,,12,,10,,,,0,org.gs1.EAN-13,90,,
16,Uni-pak sardines,30,155,Grams,Food Packs,,5,,4,,,,4800154568618,org.gs1.EAN-13,30,,https://lnk.sortly.co/v2/downloads/photo/v2_Bsfis-KnLiAu_fW7JiyxD8FCfsDitlJmCfYNEQ_B04tqJyg-tokZ8g==
17,Lucky 7 Carne Norte,50,150,Grams,Food Packs,,5,,5,,,,748485801728,org.gs1.UPC-A,250,,https://lnk.sortly.co/v2/downloads/photo/v2_fRbNJhFg_hNssH9Whxq02xr6iDyiofWQz9wKztFa70g3PA1Z5S5Nlw==
18,555 tuna Caldereta,50,155,Grams,Food Packs,3,1,,1,,,,748485700038,org.gs1.UPC-A,50,,https://lnk.sortly.co/v2/downloads/photo/v2_1SvYVzsGJfBVJb7oxHow1-cN2plljGVcWaBGIM8X5-bzgTkyv-ngmw==
19,Holiday beef loaf,50,150,Grams,Food Packs,,1,,1,,,,4800066121154,org.gs1.EAN-13,50,,https://lnk.sortly.co/v2/downloads/photo/v2_96l3myl6DfnHbKj2GIV-wsbykVDOGXLGZ-nyx7T385Y8GDOk2OiKVw==
20,555 tuna bicol express,50,155,Grams,Food Packs,3,0,,0,,,,748485700090,org.gs1.UPC-A,0,,https://lnk.sortly.co/v2/downloads/photo/v2_ketDYfzultqu5Deqshf9kASMcXa6ZK1hZPyeVQnFyhFlWFL8dkSCBA==
21,Century tuna flakes in oil,50,155,Grams,Food Packs,3,2,,2,,,,748485100401,org.gs1.UPC-A,100,,https://lnk.sortly.co/v2/downloads/photo/v2_gs4Ja97LJYFC03Px62l9DvX7OVpSYNkp1YE3GUbtMn923zB5y2lhgA==
22,Mang tomas,60,325,Grams,Kitchen & Condiments,,3,,3,,,,4801668100264,org.gs1.EAN-13,180,,https://lnk.sortly.co/v2/downloads/photo/v2_tZl-xofFSPF0zipjWJBgcdXZyfwSgbB5V4SQTQshteE83Raf2_kDFw==
23,Ram Hot sauce,80,160,ml,Kitchen & Condiments,,4,,4,,,,4800017929402,org.gs1.EAN-13,320,,https://lnk.sortly.co/v2/downloads/photo/v2_l-2i-Qi7cFm__p4ncNlXNellfMIyZ5frX0Tgqowhw3tWO4Zm1nclWA==
24,Maggi Savor calamansi,80,130,ml,Kitchen & Condiments,,5,,5,,,,4800361050104,org.gs1.EAN-13,400,,https://lnk.sortly.co/v2/downloads/photo/v2_uf55-5N_w4WyIFxExOxWX6rcg-wJJLycwWey4dnVNABtSz6hjYtMXQ==
26,Knorr Liquid Seasoning Original,85,130,ml,Kitchen & Condiments,,5,,5,,,,4808680230764,org.gs1.EAN-13,425,,https://lnk.sortly.co/v2/downloads/photo/v2_4W1eJKJbu-vllI9hLRnz36V7nLOYdwCgWHHPJJ48wMg9wQnTkc8lNQ==
27,Claro palm cooking oil,80,250,ml,Kitchen & Condiments,2,9,,5,,,,4806014099926,org.gs1.EAN-13,400,,https://lnk.sortly.co/v2/downloads/photo/v2_hakHmohxzFZfBZNnLZJZZegjDMNScba4yHd-32YqvGpwAwD8cBUXMA==
28,Del Monte sweet blend ketchup,60,320,Grams,Kitchen & Condiments,1,4,,4,,,,4800024577139,org.gs1.EAN-13,240,,https://lnk.sortly.co/v2/downloads/photo/v2_aEN0sjQyyGvRupZHrV0I7_fTzk5KqrNJMHp2u6xn7e_Nc7Eef44nLg==
29,Mama sitas oyster sauce,20,60,Grams,Kitchen & Condiments,,11,,9,,,,4806512026387,org.gs1.EAN-13,220,,https://lnk.sortly.co/v2/downloads/photo/v2_kQyl4tVGXHF4V9EHgojnohhL-5ZGi117s7GM5-RUPzub20sMycMSyA==
30,Black pepper whole,50,50,Grams,Kitchen & Condiments,1,2,,2,,,,4809015402245,org.gs1.EAN-13,100,,https://lnk.sortly.co/v2/downloads/photo/v2_Y5qVfz9sI8dRIprI5_Mvj7a8Bi-b85KcuYWXsZ3OvzgyTP2iFyFghA==
31,Laurel leaves,50,20,Grams,Kitchen & Condiments,,2,,2,,,,4806533680001,org.gs1.EAN-13,100,,https://lnk.sortly.co/v2/downloads/photo/v2_v43NlQHtgrgFsOy7B0NE60O83SU35vpTF5HrX-2QUFaaejRTkXDL7g==
32,Black pepper powder,50,50,Grams,Kitchen & Condiments,0,1,,1,,,,4809015402283,org.gs1.EAN-13,50,,https://lnk.sortly.co/v2/downloads/photo/v2_5g6heMuYTN3nlhsM5mqDSpynACrMXT0KiGh-VROkI2NyvPKGviP3cw==
33,Maggi Magic Sarap All-in-One Seasoning Granules,8,8,Grams,Kitchen & Condiments,,18,,16,,,,48025522,org.gs1.EAN-8,144,,https://lnk.sortly.co/v2/downloads/photo/v2_uev8k6WAg9JO0QtE0WHOP77r6vlIxhfef2yv3YalMcLbG629fnluYg==
34,Great value rice,85,1,Kilogram,Food Packs,,9,,9,,Category changed from "Cold Beverages" to "Food Packs" for rice product,,1111111111116,org.gs1.EAN-13,765,,https://lnk.sortly.co/v2/downloads/photo/v2_73VcmSfjSIvKmh28vJx68-n267Nt-UMxM8S93Dyifi10_Y7PMU5nhw==
35,Zonrox Bleach floral,35,250,ml,Supplies,3,3,,3,,,,4800047840555,org.gs1.EAN-13,105,,https://lnk.sortly.co/v2/downloads/photo/v2_xQDpHBDIwd8d5wXT_JxaA6hqnjgml8M4nrKt2y8eShmzCmcK5WKhdw==
36,Surf  Detergent Rose Fresh bar,15,120,Grams,Supplies,,5,,0,,,,4800888136671,org.gs1.EAN-13,75,,https://lnk.sortly.co/v2/downloads/photo/v2_Ofrcvw4WZMgHpO16mROXdhjztZeL7PYI9zOtD_OK0Z48DEUbImDu3w==
37,Smart dishwashing paste,35,200,Grams,Supplies,,34,,32,,,,4800045310173,org.gs1.EAN-13,1190,,https://lnk.sortly.co/v2/downloads/photo/v2_l9rV4b0mZpl0UzgSZStLRZ_b8l-KKhFv-tNRZfEclBuLhbjrAdgbRA==
38,Joy dishwashing liquid,15,40,ml,Supplies,,9,,8,,,,4902430389563,org.gs1.EAN-13,135,,https://lnk.sortly.co/v2/downloads/photo/v2_dDGM2cXU3QRW9gpNn4fwx9Ig_hDlLt7PbJ9kieU91XD_8PHhoLNE9g==
39,Downy sunrise fresh,15,26,ml,Supplies,,24,,24,,,,4902430739016,org.gs1.EAN-8,360,,https://lnk.sortly.co/v2/downloads/photo/v2_nbjFPfcTZ4iYJ3H3tOsVm7SWHYa12MD5_ajFY0AV2l_jBo5FxKKwaA==
40,Downy garden bloom,15,26,ml,Supplies,,0,,0,,,,4902430846455,org.gs1.EAN-13,0,,https://lnk.sortly.co/v2/downloads/photo/v2_SyMwkaJ_eUT54S-Flz75S4D7sosddrNHhTB1IKPtwlc5ndElN2q2Hw==
41,Surf Powder Detergent Rose Fresh,15,65,Grams,Supplies,,8,,8,,,,4800888183804,org.gs1.EAN-13,120,,https://lnk.sortly.co/v2/downloads/photo/v2_7nUUy9BBzbaIRugAx0Oq-PUxfzkD971JTv2cP1uw0Mf87U7S57KOvA==
42,Safeguard family germ protection pure white,30,55,Grams,Toiletries,,13,,12,,,,4902430945554,org.gs1.EAN-13,390,,https://lnk.sortly.co/v2/downloads/photo/v2_1FU9a70Bom6M8cSw1Jd3JXimvLucw2jm1Y38Kj_UpIwW6Bm03yVlNg==
43,Safeguard family germ protection pure white,15,22,Grams,Toiletries,,17,,15,,,,4902430495066,org.gs1.EAN-13,255,,https://lnk.sortly.co/v2/downloads/photo/v2_2v044UNKGZCDU_ebma_lBdAxJiZQeT-d3f6ZblGZUhCD76zYC3kvXA==
44,Bioderm family germicidal soap coolness blue,30,60,Grams,Toiletries,5,2,,2,,,,4800011113937,org.gs1.EAN-13,60,,https://lnk.sortly.co/v2/downloads/photo/v2_A85ypJVvYr7D6N4itBGN66IS5fBKO8zjCdOi2NImL9NELn9d-CBpCQ==
46,Silka whitening herbal soap green & papaya,30,65,Grams,Toiletries,,5,,4,,,,4806507832214,org.gs1.EAN-13,150,,https://lnk.sortly.co/v2/downloads/photo/v2_A3El2aeVmQdwfQoX8zHSQEKN2wwDXhxA4hYjwZw1XhLHhWmsy_g6ZQ==
47,Silka whitening herbal soap papaya,30,65,Grams,Toiletries,,9,,8,,,,4806507832481,org.gs1.EAN-13,30,,https://lnk.sortly.co/v2/downloads/photo/v2_0MUPK7Y0HqwW8q3BoAUO1fpfu_pgZJMrmxU7LApDLH4HauA17btR2A==
48,Colgate calcium boost with flouride maximum cavity protection,15,10,Grams,Toiletries,10,80,,79,,,,8850006325216,org.gs1.EAN-13,1200,,https://lnk.sortly.co/v2/downloads/photo/v2_JyhmXJansKoBiTLW9Nn88Yzk-BN9HSjnmfaDisu4l7fcn335cXpTOw==
49,Colgate fresh confidence with cooling crystals,15,10,Grams,Toiletries,5,32,,32,,,,8850006325230,org.gs1.EAN-13,480,,https://lnk.sortly.co/v2/downloads/photo/v2_ZyvF6egCDlrrFhDy8fIF98bda9MloymCyKCLWGpxN3nQ8yGEU3Q7cg==
50,Closeup gel toothpaste red hot,15,10,Grams,Toiletries,5,7,,7,,,,4800888147288,org.gs1.EAN-13,105,,https://lnk.sortly.co/v2/downloads/photo/v2_VZhruSgJUbh0uvOQliQdF70XsJdMcANHVju5bXfC4J35R6Cj26tORQ==
51,Closeup gel toothpaste menthol fresh,15,10,Grams,Toiletries,5,5,,5,,,,4800888147240,org.gs1.EAN-13,75,,https://lnk.sortly.co/v2/downloads/photo/v2_o34snFLYexKt8Y2R4WwJoOALL_LsQ--q_c-D-HyTPl6UjU3nSHOG5Q==
52,Charmee panty liner breathable,3,,,Toiletries,12,70,,54,,,,4800488100058,org.gs1.EAN-13,210,,https://lnk.sortly.co/v2/downloads/photo/v2_1P8HLv00jteSTuSc3yUXebaq3v_VVqOZqHsnUocZwzm7_FRgzRiS5w==
53,Charmee feminine pads with wings,10,,,Toiletries,5,12,,11,,,,4800488011415,org.gs1.EAN-13,120,,https://lnk.sortly.co/v2/downloads/photo/v2_PQLprTl-hfNt7geBrT-79dtlthBYO_dtl7n95bEQMH5vlCC-wV7QLw==
54,Charmee feminine pads dry net no wings,10,,,Toiletries,5,5,,5,,,,4800488958581,org.gs1.EAN-13,50,,https://lnk.sortly.co/v2/downloads/photo/v2_-jr1Pxd4W9NlNFrLqleuuZPSv4ynskocLwgmEZQJWW1DMF2zCsSAyw==
55,Sisters Day maxi regular flow with wings,10,240,mm,Toiletries,,11,,22,,,,4806506318818,org.gs1.EAN-13,110,,https://lnk.sortly.co/v2/downloads/photo/v2_12bD1gS5doV99mwfXnro4cqgWPkUMStnq0YFJq3yANvEO_D98BzuXg==
56,Care cotton buds,20,,,Toiletries,2,6,,6,,,,4806524580068,org.gs1.EAN-13,120,,https://lnk.sortly.co/v2/downloads/photo/v2_SsyuQJgBkXLUjVYIb1wWBW8S8Ax59IwwrSerrDmLLXc-eCX-JHx5XA==
57,Nursy baby wipes,50,200,mm,Toiletries,,1,,1,,,,4800488958154,org.gs1.EAN-13,50,,https://lnk.sortly.co/v2/downloads/photo/v2_K6rGjPPDwlk6u7XNbA_yaBFp6nqz0SNxEP_eMMF4QwJDQ8cDFyfajw==
58,EQ disposable baby diapers new born-small,20,,,Toiletries,,18,,17,,,,4800488070221,org.gs1.EAN-13,360,,https://lnk.sortly.co/v2/downloads/photo/v2_yytVQ_6UdW0Mr8sjctipLutldEymbxCNDk8l0AYNajHeUNKR0f1vDg==
59,EQ disposable baby diapers medium,20,,,Toiletries,,20,,20,,,,4800488070238,org.gs1.EAN-13,400,,https://lnk.sortly.co/v2/downloads/photo/v2_pdBIOvwW9RGz_oXhWdNe3QXP-LZT5fBZhsK1u7s4jXiReSwwoWFORw==
60,EQ disposable baby diapers large,20,,,Toiletries,,8,,8,,,,4800488070245,org.gs1.EAN-13,160,,https://lnk.sortly.co/v2/downloads/photo/v2_vViwOV4_AvxCQ4GfMQIMWElj7tEajEyMWf2WkwJhuwNX8EiEWwJ3Bg==
61,EQ disposable baby diapers xl,20,,,Toiletries,,9,,8,,,,4800488070252,org.gs1.EAN-13,180,,https://lnk.sortly.co/v2/downloads/photo/v2_DKsJQmWn6nyzJLiLAD4gV-utKzSAcbx0KQYOdJAoZ6OnXNo_DTk2YA==
62,Johnson's baby shampoo,110,100,ml,Toiletries,,2,,2,,,,9556006014547,org.gs1.EAN-13,220,,https://lnk.sortly.co/v2/downloads/photo/v2_FW9ygELQczC8XFhwHpKhaz71bxYzWOOLTgjRaWUsgjN4ZS7Us1nDPA==
63,Mouthwash listerine fresh burst,75,100,ml,Toiletries,,2,,2,,,,8850007814313,org.gs1.EAN-13,150,,https://lnk.sortly.co/v2/downloads/photo/v2_RdJU6bQymwicTCvP5E4zxflXZTBBeQKkTXMAEaIe5Rqpl-SiWcOsAA==
64,Rexona shower clean+brightening,80,25,ml,Toiletries,,3,,3,,,,4800888150622,org.gs1.EAN-13,240,,https://lnk.sortly.co/v2/downloads/photo/v2_eVsLiNfyjwICDeym83PVx8lD-W98RU3omPk1z4y19WjdwZIZtAt19Q==
65,Flawlessly whitening deodorant,80,25,ml,Toiletries,,1,,1,,,,4800119219203,org.gs1.EAN-13,80,,https://lnk.sortly.co/v2/downloads/photo/v2_c1kv2cHkTPBd1YK3Fp796-CtkYL7ECSd78aseGonmePgZ4mFm4AkrQ==
66,Rhea Superscent oil,40,25,ml,Toiletries,,3,,3,,,,48037389,org.gs1.EAN-8,120,,https://lnk.sortly.co/v2/downloads/photo/v2_2NERTcLfFiOKrFci46Z_RiFCTyklk6mgYicOZsy-KTgkK9aj_126LA==
67,Efficascent oil,40,25,ml,Toiletries,,2,,2,,,,48031547,org.gs1.EAN-8,80,,https://lnk.sortly.co/v2/downloads/photo/v2_-0_zIqyCCbPSSJ4o9DCIvUtpz7xGIUUHmTbMReMXGEX-1DmSuQXHGw==
68,Ethyl alcohol cleene,50,60,ml,Toiletries,,5,,5,,,,4800067126899,org.gs1.EAN-13,250,,https://lnk.sortly.co/v2/downloads/photo/v2_04kFDPMW3Wm0wG2STjRnGrSHUGCDBxu1oJbfRutzLwTig0srwCYQaA==
69,Juicy Cologne sweet Delight,40,50,ml,Toiletries,,1,,1,,,,4806507831897,org.gs1.EAN-13,40,,https://lnk.sortly.co/v2/downloads/photo/v2_J1zbdbQqpkR7lqoVs4nag8U-fJWSC--eSV9tUjP09Nf9sg4-plnz0A==
70,Harley's Tawas powder,30,50,Grams,Toiletries,,2,,2,,,,4806513103353,org.gs1.EAN-13,60,,https://lnk.sortly.co/v2/downloads/photo/v2_bVy1a8H8_kKP7bVYCezqYNGWhUZENnY0ipEptzZYSPY0QNO5e9_rfQ==
71,Glow toothpick,30,,,Supplies,,9,,9,,,,4809010431424,org.gs1.EAN-13,270,,https://lnk.sortly.co/v2/downloads/photo/v2_QVHUgQckbRxY3cT0g56Be3bBxNO2puaFH6KUWJtCjrRtSNpIje3aow==
72,Palmolive naturals intensive moisture conditioner,80,90,ml,Toiletries,,1,,1,,,,4808888428024,org.gs1.EAN-13,80,,https://lnk.sortly.co/v2/downloads/photo/v2_nx_wvYQhoKhw2nC_hrTP_zFqYIeImckG48ePMSTV3TZ1hHAk4DmJZw==
73,Keratin plus gold,12,20,Grams,Toiletries,,15,,10,,,,4806515161511,org.gs1.EAN-13,180,,https://lnk.sortly.co/v2/downloads/photo/v2_Eq7PNq87_GQ9iCtfA9PnUo0l1ffK5RL-a1Fd0J8aZqXpL3_gJx2PIw==
74,Keratin plus Brazilian hair treatment,12,20,Grams,Toiletries,,7,,6,,,,4806515161504,org.gs1.EAN-13,84,,https://lnk.sortly.co/v2/downloads/photo/v2_2Z2KNZQuROZWamLI0_D1vkMWfCg9fTZrCszA-GLGUW315yf7IPHFkA==
75,Cream silk vitamin boost conditioner,12,13,ml,Toiletries,10,48,,39,,,,4800888139283,org.gs1.EAN-13,576,,https://lnk.sortly.co/v2/downloads/photo/v2_zDQX9S3Pe5gLUTdoDvnuSspxUCcmRvt0tTDjZZy242OswuEjVaVgYw==
76,Gard anti-dandruff,12,12,ml,Toiletries,,7,,6,,,,8850006536056,org.gs1.EAN-13,84,,https://lnk.sortly.co/v2/downloads/photo/v2_lRfgZPklJ0l8QkOWmMoRnShvw79iu1w8wacryRnz3zn3kyo83a43sw==
77,Palmolive naturals ultra smooth (green),12,15,ml,Toiletries,,19,,12,,,,8850006493038,org.gs1.EAN-13,228,,https://lnk.sortly.co/v2/downloads/photo/v2_e3h3pzlhmIWvqScmk6MXqhVzXqzAboJiaFt5YnW4uVlSKz6lpnuMZA==
78,Sunsilk co-creations shampoo,12,15,ml,Toiletries,,27,,17,,,,4800888169716,org.gs1.EAN-13,324,,https://lnk.sortly.co/v2/downloads/photo/v2_BPRhP5e-P-GSAS4jeJxKS2oOdps7WXQe9TAJkQn7JBO7QU6ldLagOA==
79,Head & shoulders anti-dandruff shampoo,12,12,ml,Toiletries,,32,,31,,,,4902430333597,org.gs1.EAN-13,384,,https://lnk.sortly.co/v2/downloads/photo/v2_H6x6rbjR_gTT75bgS2n_jKCVoVmGcgH2Pd2tMcVvBauU91A86t9sFA==
80,Men rexona quantum dry,15,3,ml,Toiletries,,13,,12,,,,4800888151117,org.gs1.EAN-13,195,,https://lnk.sortly.co/v2/downloads/photo/v2_fSwr_rq_6rhFCsAktIIRW6sFem5ilMDlCQtUOM694JkKqBMyr21IRQ==
81,Rexona shower clean,15,3,ml,Toiletries,,1,,15,,,,4800888150608,org.gs1.EAN-13,15,,https://lnk.sortly.co/v2/downloads/photo/v2_RIn7Lcxv0ml8cfVO2QSKlnJ5ylZDT4Ap7JsP9-8w8SsvHmjJsGmZEQ==
82,Men rexona ice cool,15,3,ml,Toiletries,,15,,15,,,,4800888160027,org.gs1.EAN-13,225,,https://lnk.sortly.co/v2/downloads/photo/v2_QYrzIfoN37cjVebukPJenSukbELyBKSBaXi_NmH-cIVQ5asH52XeJw==
83,Rexona powder dry+brightening,15,3,ml,Toiletries,,15,,15,,,,4800888158888,org.gs1.EAN-13,225,,https://lnk.sortly.co/v2/downloads/photo/v2_i-qIpzrhVTU-uokzIh-7OR6gElZnlieDHSUgnP5gvEcEo9oFlhLSEg==
84,Energen chocolate,20,40,Grams,Hot Beverages,,4,,3,,,,8996001440049,org.gs1.EAN-13,80,,https://lnk.sortly.co/v2/downloads/photo/v2_p-Hc8WYkOarbhT2VMxFUrhF951SlpWsgkB3BpyLdgGjbOtrrhmyMMA==
85,Energen vanilla,20,40,Grams,Hot Beverages,,8,,8,,,,8996001440124,org.gs1.EAN-13,160,,https://lnk.sortly.co/v2/downloads/photo/v2_DMbYoQ8eqTKS4c7id6RfgaOZPf3lYqy3TMfGfJHfL-FpPzwSLF2Taw==
86,Kopiko Brown Instant Coffee,15,27.5,Grams,Hot Beverages,,26,,26,,,,8996001410547,org.gs1.EAN-13,315,,https://lnk.sortly.co/v2/downloads/photo/v2_I3r2lvHojFOxoHZUHXhAvBD__FH78KKsHsFmHUO1LzF2Pu1XhCFkvQ==
87,Nescafe creamy white,15,20,Grams,Hot Beverages,,27,,27,,,,4800361393096,org.gs1.EAN-13,405,,https://lnk.sortly.co/v2/downloads/photo/v2_XWIiLob4A-325i0KznSV5gziSIZMqnKkGUrwAh7m2iFlRRp2jI_etw==
88,Kopiko Blanca  Instant Coffee,15,30,Grams,Hot Beverages,,26,,21,,,,8996001414309,org.gs1.EAN-13,315,,https://lnk.sortly.co/v2/downloads/photo/v2_5k5WX8kFlknDU6nJgIYr20gJDVVtbvhgS5Wp7gC5S0Gz4U6a4IUBLg==
89,Nescafe creamy latte,15,25.5,Grams,Hot Beverages,,21,,21,,,,4800361383493,org.gs1.EAN-13,315,,https://lnk.sortly.co/v2/downloads/photo/v2_rstFaxrY0GM9IkObpFoNr3-0vOGKVCmmoM8BZYEM-zEckbqUuMgixg==
91,Birch tree fortified milk,20,33,Grams,Hot Beverages,8,18,,18,,,,748485401492,org.gs1.UPC-A,360,,https://lnk.sortly.co/v2/downloads/photo/v2_aJBtRtwSQhMbPWfFSwcI8wS2xXI--hRMIP2QFsRRQ9cT3R6de5ZzSQ==
92,Birch tree fortified choco,20,29,Grams,Hot Beverages,8,18,,18,,,,748485401621,org.gs1.UPC-A,360,,https://lnk.sortly.co/v2/downloads/photo/v2_Ps3CSfUWGF4-ldXA7dAjYp76L1x_MIFqSbrtMDI8_2010_leEX9h3Q==
93,Great taste white,15,30,Grams,Hot Beverages,,9,,8,,,,4800016021039,org.gs1.EAN-13,135,,https://lnk.sortly.co/v2/downloads/photo/v2_6ohzBe7u58FtLJFXytlBPTwS-JfHxOQRXei-78JPbRO4kJRNk8URLw==
94,Nestle Milo Chocolate Drink,15,48,Grams,Hot Beverages,,23,,22,,,,4800361415293,org.gs1.EAN-13,345,,https://lnk.sortly.co/v2/downloads/photo/v2_WDARUPy9YzzuiB8-gByZFqXkTvCUHHVa-gfz5tPsSd2_bTSAytr4FA==
95,Nestea apple iced tea,30,20,Grams,Cold Beverages,,23,,20,,,,4800361382083,org.gs1.EAN-13,690,,https://lnk.sortly.co/v2/downloads/photo/v2_WDHVU53EFlbSgFazzGUif-AUwciOJVvELD5Bxa8ZYM5muREQwKzO6w==
96,Tang Powdered Juice Orange,30,19,Grams,Cold Beverages,,5,,5,,,,7622300559991,org.gs1.EAN-13,150,,https://lnk.sortly.co/v2/downloads/photo/v2_6P-WfrDW2EVHAkUsoSxS4KlWm4iu2kmOkwMZnXnLAis5RFSG6HUqYQ==
97,Tang Powdered Juice Sweet orange,30,19,Grams,Cold Beverages,,12,,12,,,,7622300847913,org.gs1.EAN-13,360,,https://lnk.sortly.co/v2/downloads/photo/v2_5Md1YEm7gmq5l_OOi7ZiIp1sLGHC26rHzldAoS2Ioyt5B9us_bEP7Q==
98,Tang Powdered Juice Pineapple,30,19,Grams,Cold Beverages,,13,,15,,,,7622300601768,org.gs1.EAN-13,390,,https://lnk.sortly.co/v2/downloads/photo/v2_1VotX8C9ahCrtRLYjx_yDERdqEO_RLU6HRPhAoKgKdSO4A6KZUr46g==
99,Tang Powdered Juice Strawberry,30,19,Grams,Cold Beverages,,1,,0,,,,7622300638078,org.gs1.EAN-13,30,,https://lnk.sortly.co/v2/downloads/photo/v2_hzbqOQCWlqZpiAFlx9XDvUKzBgCrP0-i0GLKxpK4om2Xzt91E03Cxw==
100,Tang Powdered Juice Apple,30,19,Grams,Cold Beverages,,23,,2,,,,7622300704148,org.gs1.EAN-13,690,,https://lnk.sortly.co/v2/downloads/photo/v2_PUva1FonmP8bjBTvgTLCXBKq_diOrD9juZiDwAuTA85RUqyowOxIMA==
101,Tang Powdered Juice Lemon Iced Tea,30,19,Grams,Cold Beverages,,1,,0,,,,7622300601744,org.gs1.EAN-13,30,,https://lnk.sortly.co/v2/downloads/photo/v2_f5Kuc4OUYz-3yv0lnKFTaJgM_pGGO4V0R2ld2FpVQU7xqnIewe4_rA==
102,Tang Powdered Juice Pomelo,30,19,Grams,Cold Beverages,,3,,3,,,,7622210706768,org.gs1.EAN-13,90,,https://lnk.sortly.co/v2/downloads/photo/v2_5zEEzvpe6mM-i9rRpPC3itbV-r_A40HNHUbJBxx-P29ouCYs7V9zyg==
103,Nescafe classic,5,1.9,Grams,Hot Beverages,,7,,0,,,,4800361339568,org.gs1.EAN-13,35,,https://lnk.sortly.co/v2/downloads/photo/v2_YulMziQaZnEsrSzJlJLexNEHHCKgdHEtkIU89_4CJygCHpR2SIQqkA==
104,Great taste premium classic,5,2,Grams,Hot Beverages,,34,,34,,,,4800016012358,org.gs1.EAN-13,170,,https://lnk.sortly.co/v2/downloads/photo/v2_wtyEiUAWxxEVyU3lcGf1IbWish5sxDL5wT9tZzcfoJdTy_v_F8Zftw==
105,Colgate toothbrush classic child,30,,,Toiletries,5,13,,12,,,,4808888201528,org.gs1.EAN-13,390,,https://lnk.sortly.co/v2/downloads/photo/v2_Sz_v9VJmHC0Bzh3PeUZ7Sbf6untq15-iJWSn_mAoDPCripeb9lTEPQ==
106,Colgate toothbrush super flexi,30,,,Toiletries,5,6,,5,,,,8935236000093,org.gs1.EAN-13,180,,https://lnk.sortly.co/v2/downloads/photo/v2_8wy9e-NiNKdLNh9lHGmHchGXUwY3sV1ER26idctXadIUMcpIltajAQ==
107,Pringles original,120,102,Grams,Snacks,,1,,1,,,,8886467100017,org.gs1.EAN-13,120,,https://lnk.sortly.co/v2/downloads/photo/v2_CmM_I-bKRjlbCfK47P4gzQ1nRzXSAEdUwuXgIxdGupPMHpmztuCvOg==
108,Pringles sour cream & onion,120,102,Grams,Snacks,,2,,2,,,,K116317895,org.gs1.EAN-13,240,,https://lnk.sortly.co/v2/downloads/photo/v2_i_PQfW8LXUCGdbkwLDMqW5tcTc1gC_BK850beWAnB3xczyC0Rv253A==
109,Hansel milk sandwich,12,31,Grams,Snacks,,10,,10,,,,4800092553233,org.gs1.EAN-13,120,,https://lnk.sortly.co/v2/downloads/photo/v2_-7PWwGTU8rvNu3WBLZhLIcTCltmJX4bbeofgLNquknXO3V8N1g3k8Q==
110,Fudgee barr combo flavor,12,41,Grams,Snacks,,3,,3,,,,4800092551284,org.gs1.EAN-13,36,,https://lnk.sortly.co/v2/downloads/photo/v2_Kl9pfsJ97VOOulNkLPYGAMHXgFt9qGSgN3KVxu3TYwdTuix-CrSCAA==
111,Fudgee barr dark chocolate,12,42,Grams,Snacks,,14,,12,,,,4800092553226,org.gs1.EAN-13,168,,https://lnk.sortly.co/v2/downloads/photo/v2_1dAzOMPYmPBRxXv8yepBZutA1VhKfTrXeo2aU83lTnXoT7U4_IvE4w==
112,Rebisco crackers,12,33,Grams,Snacks,,14,,13,,,,4800092113338,org.gs1.EAN-13,168,,https://lnk.sortly.co/v2/downloads/photo/v2_Ho2O3CY2NFw7cbdvRZsnR4yQazMrwME_Fn79Wyp29nMzbZe68NpvyA==
113,M.Y. San Skyflakes Crackers,12,25,Grams,Snacks,,11,,11,,,,750515018402,org.gs1.UPC-A,132,,https://lnk.sortly.co/v2/downloads/photo/v2_wg5N_vhGH4RSfsOIywvDZ2qo48u2CiVgJwqty3QT65Njz0qlRVsCEQ==
114,Jack'n Jill magic junior,8,16,Grams,Snacks,,4,,3,,,,4800016083457,org.gs1.EAN-13,32,,https://lnk.sortly.co/v2/downloads/photo/v2_8Nr2symmYQf4s020xobwRioi_2j8RlJhsQ9pccGoO-ld8t4Ay2c4hg==
115,Goya pretzel twist milk chocolate,20,21,Grams,Snacks,,8,,10,,,,4806517042801,org.gs1.EAN-13,160,,https://lnk.sortly.co/v2/downloads/photo/v2_fDSjpgRn7JWsbMFZExDd4B_bgMkYxZMx3NfJWomBWWngSre86k111w==
116,Jack'n Jill Chicharron ni Mang Juan Sukang Paombong,60,90,Grams,Snacks,,1,,1,,,,4800016110511,org.gs1.EAN-13,60,,https://lnk.sortly.co/v2/downloads/photo/v2_m-NxpeSgtHMHK_cLu6I6qLz0hP1PgTdDHTPpYm23-oCxN1-ZmcHzzA==
117,Jack'n Jill Chicharron ni Mang Juan Klasik,60,90,Grams,Snacks,,2,,2,,,,4800016115424,org.gs1.EAN-13,120,,https://lnk.sortly.co/v2/downloads/photo/v2_DHm9vtfhZhaOvcoa5mKnpCO7R1HMup2wgqoJy830GZ5spGQwqaK_lw==
118,Jack'n Jill Chicharron ni Mang Juan Suka't Sili,60,90,Grams,Snacks,,1,,1,,,,4800016110528,org.gs1.EAN-13,60,,https://lnk.sortly.co/v2/downloads/photo/v2_DWGYYbTp2LSv5p5itNU0geVtHdhCSZCAfThoCydcnV60Xy9pE10R9A==
119,Jack'n Jill Kropek ni Mang Juan Spicy Fried Pusit,60,90,Grams,Snacks,,1,,1,,,,4800016677342,org.gs1.EAN-13,60,,https://lnk.sortly.co/v2/downloads/photo/v2_1HHGuIjO2ETbV99U8ITr9iql3C9Jqi2a2ovN3iFlX6mmimw3Wst6MQ==
120,Jack'n Jill Chicharron ni Mang Juan Sukang Paombong,20,26,Grams,Snacks,,1,,1,,,,4800016110535,org.gs1.EAN-13,20,,https://lnk.sortly.co/v2/downloads/photo/v2_3dmKgC1qcpXKYfNlwtKQiv0B8MDGwiPrlr2aphxNpeuKblbwIAC01A==
121,Jack'n Jill Roller Coaster Cheddar Cheese Potato Rings,20,24,Grams,Snacks,,10,,9,,,,4800016661006,org.gs1.EAN-13,200,,https://lnk.sortly.co/v2/downloads/photo/v2_3WgQgJspACEphbSAPBhnPSPn3FV3LAyi5u0bCLNqAciwxIoNKw2lDw==
122,Jack'n Jill Roller Coaster Cheddar Cheese Potato Rings,40,85,Grams,Snacks,,8,,8,,,,4800016661099,org.gs1.EAN-13,160,,https://lnk.sortly.co/v2/downloads/photo/v2_Y2AD6QGzj_wwkroR1t33PU8NSWjOLMRwQNne9NgcEG3USVQ7IDGR2w==
123,Jack'n Jill Chicharron ni Mang Juan Suka't Sili,20,26,Grams,Snacks,6,8,,7,,,,4800016110542,org.gs1.EAN-13,160,,https://lnk.sortly.co/v2/downloads/photo/v2_lfGyyNeaXez7ckA-x8m8XhWz3blIM40KMqxz63ZzwdFy9MyEHtG1tw==
124,Jack'n Jill Nova Homestyle BBQ,30,38,Grams,Snacks,,7,,2,,,,4800016604225,org.gs1.EAN-13,210,,https://lnk.sortly.co/v2/downloads/photo/v2_DJ3u36O4NQ2u4kp7uj6h7ziG2eMXYh9bzRYVC5AiyS_saf-FY1gVoA==
125,Leslie's clover chips barbecue,50,55,Grams,Snacks,,0,,0,,,,4800216110168,org.gs1.EAN-13,0,,https://lnk.sortly.co/v2/downloads/photo/v2_l3PWjtn0sCWiYhXCtlxvFIk30CLw_oDS_Hybj5AeS_29WqhbNdaKrg==
126,Leslie's clover chips cheesier,50,55,Grams,Snacks,,7,,7,,,,4800216110069,org.gs1.EAN-13,150,,https://lnk.sortly.co/v2/downloads/photo/v2__v7HYdsX8b8WPSm3rV-vMCgFPTSecWi5GjsEOmpvV6hPPEuXZHW4Zw==
127,Jack'n Jill Piatos Cheese Flavored Potato Crisps,50,85,Grams,Snacks,,3,,6,,,,4800016644504,org.gs1.EAN-13,150,,https://lnk.sortly.co/v2/downloads/photo/v2_jC4cYMms4WKoRwXaw_Ieuuuk5xotxWmVjx5xYiRc1y9twGDM850sbg==
128,Jack'n Jill Piatos Sour Cream & Onion Flavored Potato Crisps,50,85,Grams,Snacks,,4,,4,,,,4800016671500,org.gs1.EAN-13,200,,https://lnk.sortly.co/v2/downloads/photo/v2_Wu4AO5z6giZikW1pxL_6RyNK2_D_Nkzmgbruq2hOfWf4SdWwi-zEUw==
129,Jack'n Jill Piatos Cheese Flavored Potato Crisps,30,45,Grams,Snacks,,5,,4,,,,4800016644801,org.gs1.EAN-13,150,,https://lnk.sortly.co/v2/downloads/photo/v2_9Hnxl13C2wvKv6jeBC8wp-nIeqLxF4Rz39djgCZnnPXy7WuAX_WYew==
130,Jack'n Jill Piatos Spicy Cheese Flavored Potato Crisps,30,40,Grams,Snacks,,4,,4,,,,4800016666414,org.gs1.EAN-13,120,,https://lnk.sortly.co/v2/downloads/photo/v2_lI2op6lsPD4rsGVbe6_7MP3tGNbPQ_o_M_hUMMD-DucGof3uI1Rxsw==
131,Oishi Fish crackers,20,24,Grams,Snacks,,16,,16,,,,4800194116619,org.gs1.EAN-13,320,,https://lnk.sortly.co/v2/downloads/photo/v2_w_t_FBGvolMgoawKdDjK0TcH1tbuPyTaUuZf2K3AMp4WFwvg5sJrGg==
132,Oishi onion rings,20,16,Grams,Snacks,,9,,9,,,,4800194104982,org.gs1.EAN-13,120,,https://lnk.sortly.co/v2/downloads/photo/v2_4s6ypkLaeHQwOkfNLGqove9ajTGuJuXUcNJEUTCiuF6-zgfy0nm7lw==
133,Criss Cross Cheesy Sour Cream & Onion Crisscut Fries Snax,20,20,Grams,Snacks,5,5,,4,,,,4800092772528,org.gs1.EAN-13,60,,https://lnk.sortly.co/v2/downloads/photo/v2_2lPX4F4_eAEE1awnyjqOCd8qZnUHFHkV7xYK1Wyr2bxONkFqnHSm4A==
134,Regent Cheese Ring,35,60,Grams,Snacks,,5,,5,,,,4801688103511,org.gs1.EAN-13,175,,https://lnk.sortly.co/v2/downloads/photo/v2_WZEmlLuCmwFYzEeTM1g91kLXI4n47QNUYe1gbHVVSSctbRrawp060g==
135,Jack'n Jill Chippy Barbecue Flavored Corn Chip,50,108,Grams,Snacks,,4,,4,,,,4800016643095,org.gs1.EAN-13,200,,https://lnk.sortly.co/v2/downloads/photo/v2_SqxkBqP2HNKXhH_380kDJF6mH_ofDTw5sNvLrKpvQaXm54bQdm37Ag==
136,Moby crunchy chocolate,35,60,Grams,Snacks,,7,,5,,,,4800523220482,org.gs1.EAN-13,245,,https://lnk.sortly.co/v2/downloads/photo/v2_eCjk9tIuNjM7Y2v7vAHgU5ZOKZ02XbY0CqQDjDRCJET0fChgclIwMg==
137,Oishi Prawn Crackers Spicy flavor,35,60,Grams,Snacks,,3,,3,,,,4800194105965,org.gs1.EAN-13,105,,https://lnk.sortly.co/v2/downloads/photo/v2_ZPB6cdMx8TZzeO0pH1sRZ7hEkkdL20MRUqpBZqlFcfR0fj_A1oGOfw==
138,Oishi Prawn Crackers Spicy Flavor,20,24,Grams,Snacks,,4,,4,,,,4800194104968,org.gs1.EAN-13,80,,https://lnk.sortly.co/v2/downloads/photo/v2_8dcQRLPO28QyIm-_GRWiJum53iT_oFNBpU0RANFvFo2sXXZiGbQ19Q==
139,Jack'n Jill Chiz Curls Cheese Flavored Corn Curls,35,55,Grams,Snacks,,8,,8,,,,4800016105098,org.gs1.EAN-13,140,,https://lnk.sortly.co/v2/downloads/photo/v2_vMT022QAdOv1Wy5j5Ly5beTEIFzZ4SmJyJbBOalEwpMfC6v1eYR1Kg==
140,Jack'n Jill Chiz Curls Cheese Flavored Corn Curls,20,18,Grams,Snacks,6,6,,6,,,,4800016105746,org.gs1.EAN-13,120,,https://lnk.sortly.co/v2/downloads/photo/v2_M2Hyu3PEEzZpYqiEXaREFGW-vg7EnuZ8vNN3PZLQi6wWGjWU-05QfA==
141,Nutrisnack Ri-chee Milk Flavor,35,60,Grams,Snacks,,2,,1,,,,4800523220123,org.gs1.EAN-13,70,,https://lnk.sortly.co/v2/downloads/photo/v2_ASuX3m0Z9N0oTM7-lloKNB3GD-pAC0W7q8YGPp7r1Uz25qYSkUQ9fQ==
142,Cheez it cheese and hum,35,60,Grams,Snacks,6,3,,3,,,,4800523224015,org.gs1.EAN-13,105,,https://lnk.sortly.co/v2/downloads/photo/v2_ZtZXrPEHtm7x_meWBhXuRLAk9lF44_gIvZrDGloMmPFeS0c1UwGuAA==
143,Cheez it cheese and ham,20,25,Grams,Snacks,6,2,,0,,,,4800523222103,org.gs1.EAN-13,40,,https://lnk.sortly.co/v2/downloads/photo/v2_nOUBl_xR_xYpHLcsoBgtzeTlTdd4BF0EYeZ90khP01n7AlsdJgC6VQ==
144,Jack'n Jill Chippy Barbecue Flavored Corn Chip,20,35,Grams,Snacks,,3,,3,,,,4800016642029,org.gs1.EAN-13,60,,https://lnk.sortly.co/v2/downloads/photo/v2_AxUQE91R02mhMeNCRJODEQU2_Hk96oHRaBFsR4w21XailvvjtjJoaw==
145,Jack'n Jill Chippy Chili & Cheese Flavored Corn Chips,50,108,Grams,Snacks,,2,,2,,,,4800016641503,org.gs1.EAN-13,100,,https://lnk.sortly.co/v2/downloads/photo/v2_Vweb972QdPu7rjuWXh3HkwClaHwJeZ8evGA241VfD2gNVGQ9UM-l-A==
146,Cheez it cheese flavor,35,60,Grams,Snacks,6,2,,0,,,,4800523220086,org.gs1.EAN-13,70,,https://lnk.sortly.co/v2/downloads/photo/v2_RHNGOc239Yaf55airr1hQ2Y1YlDMESpGEHHnYfdwFTmneC8Au5Sjxw==
147,Jack'n Jill Chippy Cheese,20,25,Grams,Snacks,,3,,0,,,,4800016641008,org.gs1.EAN-13,60,,https://lnk.sortly.co/v2/downloads/photo/v2_3jKP9VwtyjUGuUL6ciQkk2LC_b69C6w5DboK9XRDdWccLtSmByxxsQ==
148,Jack'n Jill magic chips,15,28,Grams,Snacks,,9,,9,,,,4800016082962,org.gs1.EAN-13,45,,https://lnk.sortly.co/v2/downloads/photo/v2_0P8Ao6HRXsVwQixDW0uxIOGyCv84WT9pjesysAMV71l1ECD0aYi8kQ==
149,Nagaraya hot&spicy,40,80,Grams,Snacks,,0,,0,,,,731126105088,org.gs1.UPC-A,0,,https://lnk.sortly.co/v2/downloads/photo/v2_V4YA_OYBLXYwAhhMfNVrtZlRw1OjJYkDOKnGyRL9scLrRGpDwPSVgw==
150,Nagaraya original,40,80,Grams,Snacks,,6,,6,,,,731126101080,org.gs1.UPC-A,240,,https://lnk.sortly.co/v2/downloads/photo/v2_rlY6IZRakjAU-X5K7wIEpAHzJdwpTe1AUaK_WFmvtvLZzg0uJXCWfg==
151,Oishi pillows,15,38,Grams,Snacks,,1,,0,,,,4800194116466,org.gs1.EAN-13,15,,https://lnk.sortly.co/v2/downloads/photo/v2_IhWEv16SyA6cNS0Zzs8ynQEY-FkA5wKeMejdh9VRZwhdFNkfFz_Olg==
152,Criss Cross Creamy Cheese Crisscut Fries Snax,20,20,Grams,Snacks,5,1,,4,,,,4800092772214,org.gs1.EAN-13,20,,https://lnk.sortly.co/v2/downloads/photo/v2_pqsENARCKm_W-g94bRz4l9zdzVHW_5-3l6Scfs4XdBTTO3CpgOD9tQ==
153,Cheez it cheese flavored,20,25,Grams,Snacks,6,1,,1,,,,4800523220079,org.gs1.EAN-13,20,,https://lnk.sortly.co/v2/downloads/photo/v2_a225J454_F69Ri61m0f3RKxJaGnfLdc3txzlsj3hyg4Z8TY2B7LAfw==
154,Coke Regular Mismo,25,290,ml,Cold Beverages,,168,,61,,,,4801981118502,org.gs1.EAN-13,4200,,https://lnk.sortly.co/v2/downloads/photo/v2_ozjtYWGII_ilOJ4iO-y1L_-jxIl5fGWlx9eK8Q-HbJEI3Oht3e3MEA==
155,Cobra energy drink glass bottle,35,350,ml,Cold Beverages,10,9,,0,,,,4800611546760,org.gs1.EAN-13,315,,https://lnk.sortly.co/v2/downloads/photo/v2_HD2YgQYUQlL6xvk7aemsZkaiudLdgcjpEwzjUwnCE09R8Aa4s34ZZg==
156,Gatorade blue bolt,65,500,ml,Cold Beverages,,27,,20,,,,4803925061141,org.gs1.EAN-13,1755,,https://lnk.sortly.co/v2/downloads/photo/v2_aVfcF3glJByAnxwDuK_sTLjAH1KMk7xSb6Xw1YdJJFPPkDjuPHRbIA==
157,C2 Apple Flavored Green Tea,25,230,ml,Cold Beverages,20,29,,24,,,,4800016068010,org.gs1.EAN-13,725,,https://lnk.sortly.co/v2/downloads/photo/v2_Mbd_rutQLfyT0He9tsRJoT0AYw-hlyigUthj3SD3kNV-6rdhA0ocLA==
158,Chuckie,35,180,ml,Cold Beverages,10,37,,33,,,,0,org.gs1.EAN-13,1295,,https://lnk.sortly.co/v2/downloads/photo/v2_gHTVMpJxIMS1jDRdPpEb8LRoscNvlwaOECedTWiNo_moEvkHPbd2RQ==
159,Chuckie,25,110,ml,Cold Beverages,15,22,,16,,,,0,org.gs1.EAN-13,550,,https://lnk.sortly.co/v2/downloads/photo/v2_k68eZCmDVFWSLxEtkkLxVVCDZOpwsSQlBDJlzxRJ2at6lxfZ5coDDw==
160,C2 Apple Flavored Green Tea,35,335,ml,Cold Beverages,20,37,,32,,,,4800016052040,org.gs1.EAN-13,1295,,https://lnk.sortly.co/v2/downloads/photo/v2_uOwGCA7cvdbjihSERvzts-u3H2VydH5mJPHo_i85rAnXu6SE66wC1A==
161,C2 Litro Apple Green Tea,85,1000,ml,Cold Beverages,15,27,,22,,,,4800016052774,org.gs1.EAN-13,255,,https://lnk.sortly.co/v2/downloads/photo/v2_8sHnNaB5jj-osGquwu0CZvVLIpkZjCQMnLtiC1N4xrSAYjNTj2O75A==
162,Redbull energy drink,50,150,ml,Cold Beverages,,45,,35,,,,8850228000267,org.gs1.EAN-13,2250,,https://lnk.sortly.co/v2/downloads/photo/v2_2_22LTbPs8pey1lCqCmg5S3sEgFWSkSh1sAcS6ElLgU_O0N_1JPevw==
163,Chocolate lager,95,330,ml,Alcoholic Beverages,0,11,,11,,,,4801032025056,org.gs1.EAN-13,1045,,https://lnk.sortly.co/v2/downloads/photo/v2_K3bvUcGWSDTH1p5S8_cNyBn_hW4lrqT4f4TCSQol8OQYuFLw5MtX_w==
164,Red Horse Beer extra Strong,85,330,ml,Alcoholic Beverages,,20,,18,,,,4801032215044,org.gs1.EAN-13,1700,,https://lnk.sortly.co/v2/downloads/photo/v2_cKO4mLYvirTATX6k7x9D3IU6Ls1y3SQ2nOjsCwYKlXbSAVamjO97vQ==
165,San Miguel Light,60,330,ml,Alcoholic Beverages,,25,,24,,,,4801032741048,org.gs1.EAN-13,1500,,https://lnk.sortly.co/v2/downloads/photo/v2_u85VjQrr7ZwUfu7AKI4v83IbLecINXC5cteFjrRZE3vBy7krXfWn5A==
166,Flavored beer apple,60,330,ml,Alcoholic Beverages,,14,,13,,,,4801032281049,org.gs1.EAN-13,840,,https://lnk.sortly.co/v2/downloads/photo/v2_qyeO84TdI9McdVlO62kia1Ivz-hQ-wYcUPMjGZNUhJ6i-CNDoIek8A==
167,GSM blue mojito,160,700,ml,Alcoholic Beverages,,18,,15,,,,4800130728128,org.gs1.EAN-13,2880,,https://lnk.sortly.co/v2/downloads/photo/v2_sjEhFhSwaSu431RIbhqF9NN2rYtqQU-rFfRWFs16k8k4b2RbnNLPkw==
168,Red Horse Beer,75,500,ml,Alcoholic Beverages,,5,,5,,,,4801032211077,org.gs1.EAN-13,375,,https://lnk.sortly.co/v2/downloads/photo/v2_7jHQho_hb4ZFd5mBdeNurxHhfACbboWs0QTHYEThMcTTieLIe0LCbw==
169,Tanduay select,175,700,ml,Alcoholic Beverages,,39,,37,,,,4800220604752,org.gs1.EAN-13,6825,,https://lnk.sortly.co/v2/downloads/photo/v2__6LElub_LLkD_VGjh8O8zXSDgH2ae7Oaw-9QXd-wUfISMYSo98atdg==
170,Tanduay rhum light,85,375,ml,Alcoholic Beverages,,33,,32,,,,4800220587253,org.gs1.EAN-13,2805,,https://lnk.sortly.co/v2/downloads/photo/v2_3gGnMoScEFegmt78IBA31AJPnUMTgeE3DUVpaLgpbPhr-KtDXEiKaQ==
171,Tanduay rhum light,175,750,ml,Alcoholic Beverages,,15,,24,,,,4800220587154,org.gs1.EAN-13,2625,,https://lnk.sortly.co/v2/downloads/photo/v2_ksZODZGRcMUWuXzHUbYw9snl2shE3fJ8vuQSI7BfPNSlyS6on7qK9Q==
172,Tanduay rhum dark,85,375,ml,Alcoholic Beverages,,28,,27,,,,4800220503253,org.gs1.EAN-13,2380,,https://lnk.sortly.co/v2/downloads/photo/v2_u6Q1DB50IT1K0SH2O-MbMI1oyD-A8eO56j1dDaFkx-1-gYlM1tmkbA==
173,Tanduay rhum dark,175,750,ml,Alcoholic Beverages,,32,,51,,,,4800220503154,org.gs1.EAN-13,5600,,https://lnk.sortly.co/v2/downloads/photo/v2_aZVdN6_GV71NYRmtpzVj_20KhI6tMVuYyng5_TYwNXaX_PvfRQR21Q==
174,Emperador light,200,750,ml,Alcoholic Beverages,,7,,7,,,,4800142110089,org.gs1.EAN-13,1400,,https://lnk.sortly.co/v2/downloads/photo/v2_5EUuM72xxtwDBNaQyuerJdF27bAS6Cvtd4kmNbgaQjNJW7rwlXN7NQ==
175,Brandy Emperador,250,1,Liter,Alcoholic Beverages,5,8,,8,,,,4800142110102,org.gs1.EAN-13,2000,,https://lnk.sortly.co/v2/downloads/photo/v2_gKL1zVgJ5mWGG6zM6ukU-_GXxjiXAyIGXkQDt1nVch2xLvOhxfetnw==
176,The Bar Lime Gin,85,335,ml,Alcoholic Beverages,,6,,4,,,,4800142113332,org.gs1.EAN-13,510,,https://lnk.sortly.co/v2/downloads/photo/v2_nDRJHhD_oTNg90fSDcg1aLv7osdBEdgKqbNDQYX9G174yNEF6F385Q==
177,Ginebra s. Miguel gin,85,350,ml,Alcoholic Beverages,,8,,8,,,,4800130100023,org.gs1.EAN-13,680,,https://lnk.sortly.co/v2/downloads/photo/v2_rbNLxPNpoMIEJt9Jbyn7HVBGg2Ro8uhoLmfCk8LEHNBoqk3BYO59ig==
178,San Miguel Pale Pilsen,85,320,ml,Alcoholic Beverages,,24,,24,,,,4801032111025,org.gs1.EAN-13,2040,,https://lnk.sortly.co/v2/downloads/photo/v2__g0iZ9SpR0DEqDFvZ5aNZGbno22B0I3MZBSyd_OwFBcrqkcVpV_lzQ==
179,Chaser sparkling iced tea,85,330,ml,Cold Beverages,0,6,,6,,,,4800142126011,org.gs1.EAN-13,510,,https://lnk.sortly.co/v2/downloads/photo/v2_X6_L7AKZ9dZNVFPaqNTDreRl6_R3am536q5_3j_SY9dlBabHrPoGYg==
180,Jamaica lime mixer,85,350,ml,Alcoholic Beverages,,12,,7,,,,4800220520359,org.gs1.EAN-13,1020,,https://lnk.sortly.co/v2/downloads/photo/v2_gn-WH1eAJZegBazuU2IhMG9REQXoF7m5GjsLtkI3bb96ErtvOMvqKw==
181,Johnnie Walker BLACK Label,1700,1000,ml,Alcoholic Beverages,,1,,1,,,,5000267024233,org.gs1.EAN-13,1700,,https://lnk.sortly.co/v2/downloads/photo/v2_nUQDGb3vj8lE6xnRcgSATanZ58ae7TfdrN6HUweMmOVaZ_6HYaEYTA==
182,Jack Daniels,1550,700,ml,Alcoholic Beverages,,2,,2,,,,82184090473,org.gs1.EAN-13,3100,,https://lnk.sortly.co/v2/downloads/photo/v2_OLsOB8W--FwpPB_K-jegqgIdHRQmLpZ3VWQLKLIinOHknpKm_LkVAA==
183,Toska vodka,350,700,ml,Alcoholic Beverages,,2,,2,,,,98426301757,org.gs1.EAN-13,700,,https://lnk.sortly.co/v2/downloads/photo/v2_SEe0HJoPZv7Ob7vllvBm7qeeekaJNuJHb-cGpxoFsXsMrj9bfbVFvA==
184,Mojitos,500,700,ml,Alcoholic Beverages,,2,,2,,,,4806512270278,org.gs1.EAN-13,1000,,https://lnk.sortly.co/v2/downloads/photo/v2_y8hQdZiXApgXae6Wohvpg2HN26BAvowltm0V6QDIDmZFYBVCLTPsCA==
185,Fundador light,600,1,Liter,Alcoholic Beverages,,1,,1,,,,8410162100234,org.gs1.EAN-13,600,,https://lnk.sortly.co/v2/downloads/photo/v2_LY7HDbnmjur_lOUtPVVLAdGJGGNH5Mioh6yoAwCrYnahZuiW6n3ZYA==
186,Fundador super special,600,1,Liter,Alcoholic Beverages,,1,,1,,,,8410162480008,org.gs1.EAN-13,600,,https://lnk.sortly.co/v2/downloads/photo/v2_ZV5e1yIjei1oP-15GC0JqNlUAiELZ4TtRiJhWZsxiQErzo-UUvqWGw==
187,Novellino sparkling red,400,750,ml,Alcoholic Beverages,,3,,3,,,,4806508630284,org.gs1.EAN-13,1200,,https://lnk.sortly.co/v2/downloads/photo/v2_Od816HzDyujv1wkSAOF6XmcCa4OHM6_SHtpo6XIEWFCCz9rQRFNtrA==
188,May 100% Sparkling Red Grape Juice,350,750,ml,Alcoholic Beverages,,3,,3,,,,5410746066386,org.gs1.EAN-13,1050,,https://lnk.sortly.co/v2/downloads/photo/v2_T-CIs_LBKgRt8CU-HJ0dft5AIldCe3tp0Z5zxrPlxHhcD9SA36nvsA==
189,Royal,100,1.5,Liter,Cold Beverages,,18,,13,,,,4801981116171,org.gs1.EAN-13,1800,,https://lnk.sortly.co/v2/downloads/photo/v2_N622SllPlaF1k02W2PJ1xmHuXNlAQaV5oCHcpf3CJpPDGGNHFGUIXQ==
190,Coke Regular 1.5 Liter,100,1.5,Liter,Cold Beverages,25,65,,48,,,,4801981116072,org.gs1.EAN-13,6500,,https://lnk.sortly.co/v2/downloads/photo/v2_RRiToa61DSr63myGhBpyOp-3gOLTzYNPft3Q022Sp_KlRI27hKFHNg==
191,Red Horse Super,160,1000,ml,Alcoholic Beverages,,21,,38,,,,4801032231136,org.gs1.EAN-13,3360,,https://lnk.sortly.co/v2/downloads/photo/v2_aFXPp8tva4Fzg-PY8z4UsmwuZJb9jMSUF7_q8BcMOhMnx2ZU39WLtw==
192,Lightro San mig light,150,1000,ml,Alcoholic Beverages,,10,,9,,,,4801032741130,org.gs1.EAN-13,1500,,https://lnk.sortly.co/v2/downloads/photo/v2_6hYrGt0dkgGu1Tv3asl3MpWv6RRHjuk_NWxK-aNnyPmg71I3SUa6UQ==
193,San Miguel Grande,150,1000,ml,Alcoholic Beverages,,47,,57,,,,4801032111131,org.gs1.EAN-13,7050,,https://lnk.sortly.co/v2/downloads/photo/v2_d3IX2hkRzzFewfFUwU3h5hHYF7i22hRc25KtTXv-QgHgi-Y5B9zM1A==
194,Summit natural drinking water,35,1000,ml,Cold Beverages,,0,,0,,,,4800014142088,org.gs1.EAN-13,0,,https://lnk.sortly.co/v2/downloads/photo/v2_mNvsh6vf_YiYFLGEsQUYI28gXwnKKYvSNyypi7RA10gQAD1d8Tdz7Q==
195,Nature's spring drinking water,35,1,Liter,Cold Beverages,,69,,42,,,,4800049720121,org.gs1.EAN-13,2415,,https://lnk.sortly.co/v2/downloads/photo/v2_egyNF9W-1yoHqCm4BpJlFoJ7M_-6dzo6_LfD_0rlv7j6JQd6HpJOcQ==
196,Nature's spring drinking water,20,500,ml,Cold Beverages,,115,,95,,,,4800049720114,org.gs1.EAN-13,2300,,https://lnk.sortly.co/v2/downloads/photo/v2_FudjGQIEDA6jIN0M3tzgZY9numcHfDzxUp5Ro8V_6j5lSus76X_shA==
197,Emi posporo,5,1,Stick,Cigarettes,,14,,8,,,,4800112010012,org.gs1.EAN-13,70,,https://lnk.sortly.co/v2/downloads/photo/v2_KjCG-s6tSHQmZ1di_WgvWhelWd9AUp4OK8fyHDZ-Y6veGfSrthHL-w==
198,Marlboro red,10,1,Stick,Cigarettes,,520,,462,,,,48044295,org.gs1.EAN-8,5200,,https://lnk.sortly.co/v2/downloads/photo/v2_stvr5AaPqylQYlc8Bxk2VXyEdYpmz_h2OYbxWQKvee1W26krt8BBOw==
199,Marlboro ice blast,10,1,Stick,Cigarettes,,415,,382,,,,48042772,org.gs1.EAN-8,1950,,https://lnk.sortly.co/v2/downloads/photo/v2_T20Q2R5aqLMea7KViXYA-gocl1VPxHsOBBIZKRZJPlMNfYbJefkb2A==
200,Marlboro black menthol,10,1,Stick,Cigarettes,,150,,147,,,,95509433,org.gs1.EAN-8,1500,,https://lnk.sortly.co/v2/downloads/photo/v2_2CaE03X8JqaqindgQZBtupz_7iGilbh1FODZOLOkTIQI-8sHIHAmYA==
201,More,10,1,Stick,Cigarettes,,531,,528,,,,48033763,org.gs1.EAN-8,5310,,https://lnk.sortly.co/v2/downloads/photo/v2_DbHU64jis4fPvXQzyd2FUhbqWakS-HeT8UGbVTC0ZofnNPfkx3rDOQ==
202,Fortune,10,1,Stick,Cigarettes,,230,,221,,,,48043717,org.gs1.EAN-8,2300,,https://lnk.sortly.co/v2/downloads/photo/v2_W4KdjGn3Iru6HxAuKSKSGbXFeH2AauDodLmqyQV2fBL-XaJ7bwaGFg==
203,Winston red,12,1,Stick,Cigarettes,,383,,244,,,,48040594,org.gs1.EAN-8,2196,,https://lnk.sortly.co/v2/downloads/photo/v2_k2l0jiPsWQcJGA5y1WzH7K-_eMV-_15eHhfFPDnQBY1PT6GEIHBawQ==
204,Styrocup,5,1,Item,Supplies,,50,,49,,,,4806509572842,org.gs1.EAN-13,125,,https://lnk.sortly.co/v2/downloads/photo/v2_f1MP6Ohbtfrdu4O5NjMviKvGW8XYcjbiBaCfCO09KZXfHcdZGEAfLQ==
205,Pop-i disposable gloves,50,1,Pack,Supplies,,3,,4,,,,4806509574662,org.gs1.EAN-13,150,,https://lnk.sortly.co/v2/downloads/photo/v2_p9jyHeFhhQAyelMgapsPwhUYst5E-kAzhb4JTxyfVb8xF7Ncct2J_w==
206,Disposable spoon eco pro,3,,,Supplies,25,64,,64,,,,4806531630343,org.gs1.EAN-13,192,,https://lnk.sortly.co/v2/downloads/photo/v2_GMN5tOVXcu2hyBqb4pZeoPRw1T8UD7tee_Gdyxjwoh8zEdMO9tZaUQ==
207,Spoon disposable,3,1,Item,Supplies,,46,,61,,,,4806039601128,org.gs1.EAN-13,138,,https://lnk.sortly.co/v2/downloads/photo/v2_dapPWsEqm-nEHiLIzGA3yFNEkFOMbY2E-jbyR8OTxNHeer3rPxMIRw==
208,Mikey products paper plate silver,5,,,Supplies,,87,,95,,,,4806509570084,org.gs1.EAN-13,435,,https://lnk.sortly.co/v2/downloads/photo/v2_C5JGP8kVduYBWkMHBxi_X18dAXKv16DPOdq-aeL1eX4_1QiCEiLSNw==
209,Transparent cup,3,1,Item,Supplies,,191,,101,,,,4806509570589,org.gs1.EAN-13,573,,https://lnk.sortly.co/v2/downloads/photo/v2_BmTSZe8bjj3H6PeVF88T2AOCYp9tB080HSvYkIsX_-1SiOfm7uZj7Q==
210,Catering tray,65,,,Supplies,5,5,,5,,,,5201993012898,org.gs1.EAN-13,325,,https://lnk.sortly.co/v2/downloads/photo/v2_rE-mbsy0n-Iyu001-lbKfhdJ5v4zSYkiKJqoH0oPPBBpIn6Re0njOA==
211,Snow Bear Candy Menthol,2,1,Item,Snacks,,107,,91,,,,4806500730012,org.gs1.EAN-13,214,,https://lnk.sortly.co/v2/downloads/photo/v2_m6rscsvtgLztbSxyRiuOZm-ejJ1QmcAkjtGysJ11x8gCOSG99szTew==
212,Jack'n Jill X.O. Candy (Coffee),2,1,Pack,Snacks,,114,,102,,,,4800016475016,org.gs1.EAN-13,228,,https://lnk.sortly.co/v2/downloads/photo/v2_FCryyvHBfL8d1V487-tglmK2YQ0D-H6VCaBYUSwv5jEB2lR6M7wGDw==
213,Jack 'n Jill Dynamite Choco Filled Mint Candy,2,,,Snacks,,109,,109,,,,4800016307041,org.gs1.EAN-13,218,,https://lnk.sortly.co/v2/downloads/photo/v2_YgpsuppoxeQh2j7uLyCwAbt0dsFENVDlqhfh2rZnzqgBDU-lX3wldg==
214,Maxx,2,,,Snacks,,186,,223,,,,0,org.gs1.EAN-13,372,,https://lnk.sortly.co/v2/downloads/photo/v2_NLCRd8MrrWRHEA3-5_URrweEGqKPsU5Fnwipzeblovy0r7SdkwaMvA==
215,Thumb tacks,25,1,Pack,Supplies,,0,,0,,,,6972081865356,org.gs1.EAN-13,0,,https://lnk.sortly.co/v2/downloads/photo/v2_9RI3vgv8v2h62M85-cA1xhTq7tSb4_M15IyIUIcjFx8bSUqBl0D4QQ==
216,White Rabbit Candy,2,1,Item,Snacks,,65,,60,,,,0,org.gs1.EAN-13,130,,https://lnk.sortly.co/v2/downloads/photo/v2_M-uUwn821A1AvhbeUHTOqRwAtla7n6Q131m_bNCxOSq_lKASdBL5lQ==
217,Sando bag,5,1,Item,Supplies,,41,,,,,,0,org.gs1.EAN-13,205,,https://lnk.sortly.co/v2/downloads/photo/v2_eXYbBjEZ97d5tMpSssgcwduryLJCMaVd8rL1B7B5jBvn6YgiYZbCyQ==
218,Knife small,50,,,Supplies,,3,,3,,,,0,org.gs1.EAN-13,150,,https://lnk.sortly.co/v2/downloads/photo/v2_F6hlnG8IdGVciWP4gUqcFykjh2fYwkZuPp0RfDDZh2u0dmW1gn-Z-A==
219,Knife big,150,,,Supplies,,3,,3,,,,0,org.gs1.EAN-13,450,,https://lnk.sortly.co/v2/downloads/photo/v2_LVf6yzXQyugi0V1fgLxI6peZC6Qqcqk9PHdGQ7r_QAUPDb5h7v_ziA==
220,Ice tube,50,,,Supplies,,24,,1,,,,0,org.gs1.EAN-13,450,,https://lnk.sortly.co/v2/downloads/photo/v2_3mUpRI4Wt91MnTiZl0KAWOWNPu3N6UMH6BGytM5TiOVNH6kJjlkz_Q==
221,M.Y. San Fita Crackers,12,30,Grams,Snacks,,14,,8,,,,0,EAN,210,,
222,Kopiko Black  Instant Coffee,15,30,Grams,Hot Beverages,,20,,23,,,,0,EAN,300,,
223,Nestle Bear Brand Fortified Powdered Milk Drink - Swak,20,33,Grams,Hot Beverages,,11,,9,,,,0,EAN,220,,
224,Fresh Bathroom Tissue,20,,,Supplies,,13,,12,,,,0,EAN,260,,
225,Sprite Mismo,25,290,ml,Cold Beverages,,32,,23,,,,0,EAN,800,,
226,Bee Happy Jasmine Rice,170,2,Kilogram,Food Packs,2,5,,5,,,,0,EAN,850,,
227,Baygon Katol,5,,,Supplies,10,45,,43,,,,0,EAN,225,,
228,Red Horse Beer,150,1,Liter,Alcoholic Beverages,,146,,113,,,,0,EAN,21900,,
229,Papa Banana Ketchup,60,320,Grams,Kitchen & Condiments,,4,,3,,,,0,EAN,240,,
230,Sprite 1.5 Litro,100,1.5,Liter,Cold Beverages,,12,,5,,,,0,EAN,1200,,
231,Ajinomoto,8,,,Kitchen & Condiments,,16,,17,,,,0,EAN,128,,
232,5 Gallon Mineral Water,100,5,Gal,Cold Beverages,,5,,0,,,,0,EAN,500,,
234,Jack'n Jill Nova Homestyle BBQ,50,78,Grams,Snacks,,6,,6,33.42,,,,,,,
235,Sisters Silk Floss Day Use Singles,10,,,Toiletries,,12,,0,2.445833333,price for 12 pack 29.35,,,,,,
236,Nescafe 3 in1 Original Instant Coffee,15,20,Grams,Hot Beverages,,20,,28,7.595,price for 20 pack 151.90,,,,,,
237,Kopiko Astig Black Instant Coffee,15,30,Grams,Hot Beverages,,5,,0,,,,,,,,
238,Surf Bar Blossom Fresh,15,120,Grams,Supplies,,3,,6,,,,,,,,
239,Palmolive Shampoo Triple Intensive Moisture (Pink),12,15,ml,Toiletries,,12,,13,,,,,,,,
240,Bioderm Germicidal Pink bloom,30,60,Grams,Toiletries,,6,,9,,,,,,,,
241,Cobra energy drink Plastic Bottle,30,330,ml,Cold Beverages,,24,,22,,,,,,,,
242,Coke Can Original,50,320,ml,Cold Beverages,,0,,5,,Stock set to 0 - missing in original data,,,,,,
243,Jack'n Jill Chippy Chili & Cheese Flavored Corn Chips,20,25,Grams,Snacks,,2,,3,,,,4800016641503,org.gs1.EAN-13,100,,https://lnk.sortly.co/v2/downloads/photo/v2_Vweb972QdPu7rjuWXh3HkwClaHwJeZ8evGA241VfD2gNVGQ9UM-l-A==
244,Jack'n Jill Nova Country Cheddar,0,38,Grams,Snacks,,0,,4,,Price set to 0, category set to Snacks - missing in original data,,,,,
